{
    "$schema": "https://schema.management.azure.com/schemas/2015-01-01/deploymentParameters.json#",
    "contentVersion": "1.0.0.0",
    "parameters": {
        "location": {
            "value": "southeastasia"
        },
        "virtualMachineName": {
            "value": "MyDev"
        },
        "virtualMachineSize": {
            "value": "Standard_F2"
        },
        "adminUsername": {
            "value": "Vishnukulkarni"
        },
        "virtualNetworkName": {
            "value": "MyDevVM-vnet"
        },
        "networkInterfaceName": {
            "value": "mydev124"
        },
        "networkSecurityGroupName": {
            "value": "MyDev-nsg"
        },
        "adminPassword": {
            "value": null
        },
        "storageAccountName": {
            "value": "mydevvmstorgage"
        },
        "storageAccountType": {
            "value": "Standard_LRS"
        },
        "diagnosticsStorageAccountName": {
            "value": "mydevvmdiag574"
        },
        "diagnosticsStorageAccountType": {
            "value": "Standard_LRS"
        },
        "diagnosticsStorageAccountId": {
            "value": "Microsoft.Storage/storageAccounts/mydevvmdiag574"
        },
        "addressPrefix": {
            "value": "10.0.0.0/24"
        },
        "subnetName": {
            "value": "default"
        },
        "subnetPrefix": {
            "value": "10.0.0.0/24"
        },
        "publicIpAddressName": {
            "value": "MyDev-ip"
        },
        "publicIpAddressType": {
            "value": "Dynamic"
        },
        "publicIpAddressSku": {
            "value": "Basic"
        }
    }
}